index,sine
140,1.0550693
141,1.0068389
142,1.0048643
143,1.046334
144,1.1308768
145,1.2537528
146,1.4088088
147,1.5887647
148,1.7918772
149,2.000131
