index,sine
140,1.0509204
141,1.0125786
142,1.0046989
143,1.046284
144,1.1293737
145,1.2485416
146,1.4097703
147,1.5762151
148,1.7910868
149,2.0014226
