index,sine
140,1.0943777473608638
141,0.9989506624576385
142,0.9870170625333325
143,0.9786073960092396
144,1.0812272623491828
145,1.2624659146237691
146,1.47861899366244
147,1.6575912996611282
148,1.8744725015048345
149,1.970193450587221
