index,sine
140,1.0596514
141,0.8440324
142,1.0511385
143,0.998934
144,0.8679501
145,1.2006066
146,1.3738413
147,1.5499542
148,1.8323083
149,1.9273301
