index,sine
140,1.0870425132034518
141,1.001861093335643
142,0.9935950892052021
143,0.989355923915292
144,1.0827424182811745
145,1.2524269324124655
146,1.4712082810267637
147,1.651687370767106
148,1.858670275773427
149,1.9726393491596186
