index,sine
140,1.0243552
141,1.003939
142,0.9338597
143,1.0144948
144,0.9204994
145,1.2837713
146,1.379226
147,1.8499005
148,1.8652611
149,2.0079112
