index,sine
140,1.0247806409748113
141,0.9396894968628986
142,0.9990152276353916
143,0.9376724544434525
144,1.066444610475361
145,1.2814492162605642
146,1.5313726483601457
147,1.7177723465776178
148,1.8871291388497595
149,1.9466743144739076
