index,sine
140,1.087009848883306
141,1.0064078233932123
142,0.9930423354940023
143,0.9881494243627402
144,1.0881605088434538
145,1.253421439268955
146,1.4746283584110702
147,1.6489694174377263
148,1.8601633781657505
149,1.9690668814368715
