index,sine
140,1.0811641
141,1.0487161
142,0.89395165
143,0.66560715
144,0.89191055
145,1.1383911
146,1.4742289
147,1.7793019
148,1.9242859
149,1.842814
