index,sine
140,1.004426
141,1.0281388
142,1.0307941
143,1.0079182
144,1.0259428
145,1.1653132
146,1.3777859
147,1.563639
148,1.8034077
149,1.9228027
