index,sine
140,1.0513113
141,1.0066535
142,1.0051109
143,1.04637
144,1.1304833
145,1.2530974
146,1.4095237
147,1.5824176
148,1.7944368
149,2.0001118
