index,sine
140,1.0704786
141,1.0246257
142,1.0041343
143,1.0419173
144,1.1257018
145,1.2310076
146,1.3980865
147,1.5692989
148,1.7983698
149,2.0029094
