index,sine
140,1.0829449
141,1.0100212
142,1.0023654
143,1.0341864
144,1.1274723
145,1.2355411
146,1.390261
147,1.5605605
148,1.7925289
149,1.9974244
