index,sine
140,1.0537251626122885
141,1.0073574926354119
142,1.0051049886788186
143,1.0470898098448156
144,1.1313842498969324
145,1.254150243763135
146,1.4098738271787044
147,1.5919072043186266
148,1.7915086053490978
149,2.0002402805207176
