index,sine
140,1.0531059536628022
141,1.0068965912900696
142,1.0046692658614047
143,1.046534648864095
144,1.130628606759235
145,1.2532360622405094
146,1.408920596055711
147,1.5907821324208415
148,1.7907590701124505
149,2.000010214381752
