index,sine
140,1.0529741603337182
141,1.006712765647503
142,1.0048194131331898
143,1.046349906067554
144,1.1304545308909
145,1.253116017156885
146,1.4088127713196275
147,1.5906971686071651
148,1.7907513226597982
149,2.000050860867403
