index,sine
140,1.0547786
141,1.0072368
142,1.0032454
143,1.0460366
144,1.1299325
145,1.2518022
146,1.4121369
147,1.5915233
148,1.7909293
149,2.0240877
