index,sine
140,1.0576435
141,1.0038925
142,1.0045056
143,1.0465829
144,1.1374747
145,1.252372
146,1.4066775
147,1.5901561
148,1.7907213
149,1.9996848
