index,sine
140,1.0624727
141,1.0211111
142,1.0062478
143,1.0420576
144,1.1278659
145,1.2490956
146,1.3951887
147,1.5800929
148,1.7856846
149,1.995864
