index,sine
140,1.0585696
141,1.0066938
142,1.003047
143,1.0472314
144,1.1295965
145,1.2506505
146,1.4087396
147,1.5910923
148,1.7906756
149,2.001397
