index,sine
140,1.0538890412057236
141,1.007612918184979
142,1.0052898616583774
143,1.0470227626488877
144,1.1309632197829875
145,1.2533934072546977
146,1.4088907418907277
147,1.5905680560104543
148,1.7903786385301355
149,1.9994726336667241
