index,sine
140,1.0529287648705736
141,1.006716390623384
142,1.0044977619516458
143,1.046371147251796
144,1.1304819300340057
145,1.253104728431905
146,1.4088084383511177
147,1.5906967459988088
148,1.790713597162485
149,1.9999999996509286
