index,random_walk
120,0.037765544
121,-0.052468907
122,-0.121081844
123,-0.15631972
124,-0.15372963
125,-0.18281688
126,-0.2500877
127,-0.25761893
128,-0.2713901
129,-0.24715531
130,-0.26407057
131,-0.2763877
132,-0.2789302
133,-0.25784382
134,-0.2354718
135,-0.12808609
136,-0.0972524
137,-0.05033072
138,-0.0148843005
139,-0.059543565
140,-0.025870375
141,0.06464602
142,0.101949885
143,0.17062077
144,0.18974698
145,0.27945998
146,0.27705953
147,0.2670221
148,0.26881647
149,0.24446037
