index,random_walk
120,-0.061824642
121,-0.06477372
122,-0.11174951
123,-0.118174866
124,-0.15653247
125,-0.18650165
126,-0.20966159
127,-0.23394142
128,-0.2404474
129,-0.2653963
130,-0.26624945
131,-0.27721983
132,-0.25385576
133,-0.23200157
134,-0.19773477
135,-0.1749292
136,-0.097008616
137,-0.045386087
138,-0.023933668
139,-0.012115304
140,0.040622316
141,0.07562159
142,0.09527051
143,0.13591678
144,0.18287683
145,0.2332875
146,0.2904916
147,0.28071174
148,0.27440116
149,0.31513092
